split,voice,layer,mean_type,edited_role,soft_minus_centroid
gen_test,active,0,by_voice,agent,2.7147708115699692e-05
gen_test,active,0,by_voice,patient,-0.0004891703526178999
gen_test,active,0,pooled,agent,-5.832093733330011e-05
gen_test,active,0,pooled,patient,0.0004318704207737986
gen_test,active,1,by_voice,agent,-0.0007467027063722959
gen_test,active,1,by_voice,patient,-0.00014447889946130055
gen_test,active,1,pooled,agent,0.00038829832165329994
gen_test,active,1,pooled,patient,0.00048801578857280044
gen_test,active,10,by_voice,agent,-0.00043005579047730724
gen_test,active,10,by_voice,patient,-0.0017245638149755993
gen_test,active,10,pooled,agent,-0.0032315050010327997
gen_test,active,10,pooled,patient,-0.005812420337288397
gen_test,active,11,by_voice,agent,-0.0019365813997055947
gen_test,active,11,by_voice,patient,-0.0015969337136657047
gen_test,active,11,pooled,agent,-0.0024462546463366007
gen_test,active,11,pooled,patient,-0.005244411252163003
gen_test,active,12,by_voice,agent,-0.0028007405775565264
gen_test,active,12,by_voice,patient,0.002165124924094597
gen_test,active,12,pooled,agent,0.00015004696669400006
gen_test,active,12,pooled,patient,-0.002285228835211801
gen_test,active,13,by_voice,agent,-0.005043609274758165
gen_test,active,13,by_voice,patient,-0.004579992757903217
gen_test,active,13,pooled,agent,0.00041942298412319876
gen_test,active,13,pooled,patient,8.747202378730015e-05
gen_test,active,14,by_voice,agent,0.0030111929884663047
gen_test,active,14,by_voice,patient,0.004363871834896199
gen_test,active,14,pooled,agent,-0.0001342870570995025
gen_test,active,14,pooled,patient,-0.0013647112581465018
gen_test,active,15,by_voice,agent,-0.0035172794704083077
gen_test,active,15,by_voice,patient,-0.004782939398730202
gen_test,active,15,pooled,agent,-0.0017180575264825054
gen_test,active,15,pooled,patient,-0.0019146424752694985
gen_test,active,16,by_voice,agent,0.008743729856279137
gen_test,active,16,by_voice,patient,0.013138236271010406
gen_test,active,16,pooled,agent,0.007975167698330399
gen_test,active,16,pooled,patient,0.0104493542953774
gen_test,active,17,by_voice,agent,-0.005199702249632898
gen_test,active,17,by_voice,patient,-0.008943265510929943
gen_test,active,17,pooled,agent,-0.004629892883477399
gen_test,active,17,pooled,patient,-0.0014116902042318
gen_test,active,18,by_voice,agent,0.002962660458352806
gen_test,active,18,by_voice,patient,-0.0018385861206937637
gen_test,active,18,pooled,agent,-0.002470794099348604
gen_test,active,18,pooled,patient,-0.0014767729573779997
gen_test,active,19,by_voice,agent,0.0037865119951742132
gen_test,active,19,by_voice,patient,0.0016753408643933598
gen_test,active,19,pooled,agent,-0.0052888443072637015
gen_test,active,19,pooled,patient,0.0019528043490868972
gen_test,active,2,by_voice,agent,-0.0009372284015020105
gen_test,active,2,by_voice,patient,-0.00043301505071140223
gen_test,active,2,pooled,agent,-0.0004959536923302005
gen_test,active,2,pooled,patient,1.1495418018796916e-05
gen_test,active,20,by_voice,agent,-0.015124583133944824
gen_test,active,20,by_voice,patient,-0.009735743204752567
gen_test,active,20,pooled,agent,-0.002445121054296097
gen_test,active,20,pooled,patient,0.0009469036702755979
gen_test,active,21,by_voice,agent,-0.010347344809108289
gen_test,active,21,by_voice,patient,-0.013609466177445906
gen_test,active,21,pooled,agent,-0.002865118560967699
gen_test,active,21,pooled,patient,-0.0027990661285542014
gen_test,active,22,by_voice,agent,-0.017967855488812495
gen_test,active,22,by_voice,patient,-0.00140284940048499
gen_test,active,22,pooled,agent,-0.0032409871066058013
gen_test,active,22,pooled,patient,-0.004915505095764404
gen_test,active,23,by_voice,agent,-0.0016290010125549204
gen_test,active,23,by_voice,patient,-0.00489514955767878
gen_test,active,23,pooled,agent,-0.007586667935053502
gen_test,active,23,pooled,patient,0.0008286050072423001
gen_test,active,24,by_voice,agent,-0.006153808147818962
gen_test,active,24,by_voice,patient,-0.007042388673181896
gen_test,active,24,pooled,agent,-0.01172530816660991
gen_test,active,24,pooled,patient,-0.002322582734955697
gen_test,active,25,by_voice,agent,-0.004120379686355591
gen_test,active,25,by_voice,patient,0.0037558172587995042
gen_test,active,25,pooled,agent,0.00822144967538338
gen_test,active,25,pooled,patient,-0.0018760302552470048
gen_test,active,26,by_voice,agent,0.0024539648934646108
gen_test,active,26,by_voice,patient,-0.00123481618033508
gen_test,active,26,pooled,agent,0.006594089998139263
gen_test,active,26,pooled,patient,0.0032193037094893073
gen_test,active,27,by_voice,agent,-0.0037398716365849016
gen_test,active,27,by_voice,patient,0.0014522329524710997
gen_test,active,27,pooled,agent,0.0012991616019496222
gen_test,active,27,pooled,patient,0.0057550779095403015
gen_test,active,28,by_voice,agent,-0.0010828963584370022
gen_test,active,28,by_voice,patient,-6.323252563122939e-05
gen_test,active,28,pooled,agent,0.0003584910322119005
gen_test,active,28,pooled,patient,0.0007282178159112862
gen_test,active,29,by_voice,agent,0.00017594573674378777
gen_test,active,29,by_voice,patient,-0.0001987274046297005
gen_test,active,29,pooled,agent,-0.0050307738560217
gen_test,active,29,pooled,patient,0.0010918693410024993
gen_test,active,3,by_voice,agent,0.0019152892960442314
gen_test,active,3,by_voice,patient,-0.003043417025495404
gen_test,active,3,pooled,agent,0.000669740416385501
gen_test,active,3,pooled,patient,0.0004746604848791
gen_test,active,30,by_voice,agent,-0.00047785761179749997
gen_test,active,30,by_voice,patient,0.0002459596704554
gen_test,active,30,pooled,agent,-3.501165796209946e-05
gen_test,active,30,pooled,patient,-0.00024645085687990086
gen_test,active,31,by_voice,agent,0.0
gen_test,active,31,by_voice,patient,0.0
gen_test,active,31,pooled,agent,0.0
gen_test,active,31,pooled,patient,0.0
gen_test,active,4,by_voice,agent,0.003125354095741606
gen_test,active,4,by_voice,patient,0.0018197700933173973
gen_test,active,4,pooled,agent,0.0015381971995035004
gen_test,active,4,pooled,patient,0.0005923206055605001
gen_test,active,5,by_voice,agent,0.006160518085515099
gen_test,active,5,by_voice,patient,0.0050121650651648985
gen_test,active,5,pooled,agent,0.0008881820572747001
gen_test,active,5,pooled,patient,0.00046780650262479885
gen_test,active,6,by_voice,agent,-0.0016921074302107958
gen_test,active,6,by_voice,patient,-0.003785712851418401
gen_test,active,6,pooled,agent,-0.0021259900596405992
gen_test,active,6,pooled,patient,-0.0010086877478494016
gen_test,active,7,by_voice,agent,-0.006308560846028502
gen_test,active,7,by_voice,patient,-0.0031407403725165033
gen_test,active,7,pooled,agent,-0.0008411081852735987
gen_test,active,7,pooled,patient,-0.0014371441470251989
gen_test,active,8,by_voice,agent,0.0016680282575111949
gen_test,active,8,by_voice,patient,0.0012332670114659008
gen_test,active,8,pooled,agent,-0.0007710865250339996
gen_test,active,8,pooled,patient,0.0004308698353944068
gen_test,active,9,by_voice,agent,-0.005022649963696779
gen_test,active,9,by_voice,patient,0.00034247062824389884
gen_test,active,9,pooled,agent,-0.002315319246715901
gen_test,active,9,pooled,patient,-0.002025321125984199
gen_test,passive,0,by_voice,agent,0.0008435014773298666
gen_test,passive,0,by_voice,patient,0.00023226605521309285
gen_test,passive,0,pooled,agent,0.0003271914190716152
gen_test,passive,0,pooled,patient,8.300388300858108e-05
gen_test,passive,1,by_voice,agent,0.0011916949793144282
gen_test,passive,1,by_voice,patient,0.00011661207234420212
gen_test,passive,1,pooled,agent,0.0006495868718182085
gen_test,passive,1,pooled,patient,5.949205822414205e-05
gen_test,passive,10,by_voice,agent,-0.006245874696307718
gen_test,passive,10,by_voice,patient,-0.008668455260771313
gen_test,passive,10,pooled,agent,-0.005074547396765827
gen_test,passive,10,pooled,patient,-0.004073365970894194
gen_test,passive,11,by_voice,agent,-0.00345261836493449
gen_test,passive,11,by_voice,patient,-0.002419156608758105
gen_test,passive,11,pooled,agent,-0.004030845231480007
gen_test,passive,11,pooled,patient,-0.0025526202387279873
gen_test,passive,12,by_voice,agent,-0.0026639606113788
gen_test,passive,12,by_voice,patient,-0.00038933422830370046
gen_test,passive,12,pooled,agent,-0.0006107892151231975
gen_test,passive,12,pooled,patient,-0.0010330136175509264
gen_test,passive,13,by_voice,agent,0.005126727951897503
gen_test,passive,13,by_voice,patient,0.0060862148249591005
gen_test,passive,13,pooled,agent,-6.008976035648539e-05
gen_test,passive,13,pooled,patient,0.0004764157864782237
gen_test,passive,14,by_voice,agent,-0.004674184101599199
gen_test,passive,14,by_voice,patient,-0.003300790985425295
gen_test,passive,14,pooled,agent,-0.00032622698280543316
gen_test,passive,14,pooled,patient,-0.000672672357824089
gen_test,passive,15,by_voice,agent,0.0021754492212223975
gen_test,passive,15,by_voice,patient,-0.0014946830493433039
gen_test,passive,15,pooled,agent,-0.0015206309380353944
gen_test,passive,15,pooled,patient,-0.0011386120760882301
gen_test,passive,16,by_voice,agent,0.009190218316184197
gen_test,passive,16,by_voice,patient,0.0157876892222298
gen_test,passive,16,pooled,agent,0.01094288848064573
gen_test,passive,16,pooled,patient,0.006788341811409693
gen_test,passive,17,by_voice,agent,-0.004751080440150379
gen_test,passive,17,by_voice,patient,-0.0028181942524733022
gen_test,passive,17,pooled,agent,-0.001544514739954872
gen_test,passive,17,pooled,patient,-0.0063652128533081
gen_test,passive,18,by_voice,agent,0.0007674655428639154
gen_test,passive,18,by_voice,patient,-0.001092560865260897
gen_test,passive,18,pooled,agent,-0.0012521685825453432
gen_test,passive,18,pooled,patient,0.001926605900128664
gen_test,passive,19,by_voice,agent,-0.008720806903309314
gen_test,passive,19,by_voice,patient,-0.0006005736412826
gen_test,passive,19,pooled,agent,-0.0008410770032140635
gen_test,passive,19,pooled,patient,-0.0019318657340826606
gen_test,passive,2,by_voice,agent,0.0008570502201716845
gen_test,passive,2,by_voice,patient,0.0012446934426273148
gen_test,passive,2,pooled,agent,6.157132210549143e-05
gen_test,passive,2,pooled,patient,-8.025572255809799e-05
gen_test,passive,20,by_voice,agent,0.0065969300490837934
gen_test,passive,20,by_voice,patient,0.012869505970566401
gen_test,passive,20,pooled,agent,-0.002603130484068905
gen_test,passive,20,pooled,patient,-0.009222488988328947
gen_test,passive,21,by_voice,agent,0.002082355044506202
gen_test,passive,21,by_voice,patient,-0.0007775585960458908
gen_test,passive,21,pooled,agent,-0.003658261012148001
gen_test,passive,21,pooled,patient,-0.0095373469370382
gen_test,passive,22,by_voice,agent,-0.0024251322503442974
gen_test,passive,22,by_voice,patient,-0.015608125262790207
gen_test,passive,22,pooled,agent,-0.005899414420127924
gen_test,passive,22,pooled,patient,-0.014474066871183897
gen_test,passive,23,by_voice,agent,-0.004938886673362092
gen_test,passive,23,by_voice,patient,-0.027109850887898995
gen_test,passive,23,pooled,agent,-0.017032137623539723
gen_test,passive,23,pooled,patient,-0.019001698604336502
gen_test,passive,24,by_voice,agent,0.007553545965088726
gen_test,passive,24,by_voice,patient,0.01992893108615168
gen_test,passive,24,pooled,agent,-0.013886405086075701
gen_test,passive,24,pooled,patient,-0.0041356370956809
gen_test,passive,25,by_voice,agent,0.01959352581589302
gen_test,passive,25,by_voice,patient,0.011773749082176765
gen_test,passive,25,pooled,agent,-0.002828542557027594
gen_test,passive,25,pooled,patient,0.005611651473575119
gen_test,passive,26,by_voice,agent,0.004904688508422295
gen_test,passive,26,by_voice,patient,0.010040039265597378
gen_test,passive,26,pooled,agent,0.0017901090560136085
gen_test,passive,26,pooled,patient,-0.011109022630585608
gen_test,passive,27,by_voice,agent,-0.004862938766126312
gen_test,passive,27,by_voice,patient,-0.0061351425117917024
gen_test,passive,27,pooled,agent,-0.0004956749854265058
gen_test,passive,27,pooled,patient,-0.0004359704476815107
gen_test,passive,28,by_voice,agent,0.003342372399789309
gen_test,passive,28,by_voice,patient,-0.004075352792386688
gen_test,passive,28,pooled,agent,-0.004203570661721501
gen_test,passive,28,pooled,patient,0.0005079389170363768
gen_test,passive,29,by_voice,agent,0.000621415950633919
gen_test,passive,29,by_voice,patient,-0.001993208571716587
gen_test,passive,29,pooled,agent,-0.0011546697329591904
gen_test,passive,29,pooled,patient,-0.0016631831725438806
gen_test,passive,3,by_voice,agent,0.00307774267814781
gen_test,passive,3,by_voice,patient,0.0013393654867455002
gen_test,passive,3,pooled,agent,0.0013526355226834985
gen_test,passive,3,pooled,patient,0.0002692115527611616
gen_test,passive,30,by_voice,agent,-0.001182588714140398
gen_test,passive,30,by_voice,patient,0.000703774944499691
gen_test,passive,30,pooled,agent,-5.454763218210035e-05
gen_test,passive,30,pooled,patient,0.00034573508633509165
gen_test,passive,31,by_voice,agent,0.0
gen_test,passive,31,by_voice,patient,0.0
gen_test,passive,31,pooled,agent,0.0
gen_test,passive,31,pooled,patient,0.0
gen_test,passive,4,by_voice,agent,-0.0017886277702119924
gen_test,passive,4,by_voice,patient,-0.0007178341900860863
gen_test,passive,4,pooled,agent,0.0006561017146817227
gen_test,passive,4,pooled,patient,0.00044680745513347997
gen_test,passive,5,by_voice,agent,-0.0024602220014290077
gen_test,passive,5,by_voice,patient,-0.0035695157669208832
gen_test,passive,5,pooled,agent,0.0009140639945312001
gen_test,passive,5,pooled,patient,0.0006504412050600261
gen_test,passive,6,by_voice,agent,-4.713954748930549e-05
gen_test,passive,6,by_voice,patient,-0.0027334367235501977
gen_test,passive,6,pooled,agent,-0.0009143567747539882
gen_test,passive,6,pooled,patient,-0.0027852579951286316
gen_test,passive,7,by_voice,agent,2.3697261457011898e-05
gen_test,passive,7,by_voice,patient,0.004242865575684512
gen_test,passive,7,pooled,agent,-0.0010345992114809133
gen_test,passive,7,pooled,patient,-0.0010020156149511128
gen_test,passive,8,by_voice,agent,-0.0014232926898532922
gen_test,passive,8,by_voice,patient,-0.0007615762728231945
gen_test,passive,8,pooled,agent,0.00017766516517708775
gen_test,passive,8,pooled,patient,-0.0006633665826585311
gen_test,passive,9,by_voice,agent,-0.006104810922234111
gen_test,passive,9,by_voice,patient,0.0005309134721755981
gen_test,passive,9,pooled,agent,-0.0018507523669136217
gen_test,passive,9,pooled,patient,-0.00239102873537278
test,active,0,by_voice,agent,-3.098541835570151e-05
test,active,0,by_voice,patient,-0.0004183076462655026
test,active,0,pooled,agent,-4.251947942770021e-05
test,active,0,pooled,patient,0.00028845948993029905
test,active,1,by_voice,agent,-0.0007280403713011002
test,active,1,by_voice,patient,0.0006371714034170001
test,active,1,pooled,agent,0.0007130649854551994
test,active,1,pooled,patient,0.0006569601454823985
test,active,10,by_voice,agent,-0.0037162798755574003
test,active,10,by_voice,patient,-0.0022329924241552
test,active,10,pooled,agent,-0.003277729142386998
test,active,10,pooled,patient,-0.005477181020772701
test,active,11,by_voice,agent,-0.00176162539788019
test,active,11,by_voice,patient,-0.0015339671440845002
test,active,11,pooled,agent,-0.0015868555824712013
test,active,11,pooled,patient,-0.00469681451905439
test,active,12,by_voice,agent,-0.005921973372405409
test,active,12,by_voice,patient,0.0001905144385571933
test,active,12,pooled,agent,-0.0010072375243565003
test,active,12,pooled,patient,-0.0027806084111051954
test,active,13,by_voice,agent,-0.006334019157121784
test,active,13,by_voice,patient,-0.005121820377853581
test,active,13,pooled,agent,-0.0003661929436448996
test,active,13,pooled,patient,0.00018610144561190256
test,active,14,by_voice,agent,0.000386910618476205
test,active,14,by_voice,patient,0.002112541558607489
test,active,14,pooled,agent,-0.0006948417087770005
test,active,14,pooled,patient,-0.0019656127353884084
test,active,15,by_voice,agent,-0.005983399895002295
test,active,15,by_voice,patient,-0.0052554112560344035
test,active,15,pooled,agent,-0.003355498583811699
test,active,15,pooled,patient,-0.003060336382883888
test,active,16,by_voice,agent,0.00696442712028067
test,active,16,by_voice,patient,0.0113452245604318
test,active,16,pooled,agent,0.0069703830862944995
test,active,16,pooled,patient,0.008599969575989894
test,active,17,by_voice,agent,-0.0031271295727423043
test,active,17,by_voice,patient,-0.00640428741023219
test,active,17,pooled,agent,-0.0038489530671318006
test,active,17,pooled,patient,-0.0007253547884383954
test,active,18,by_voice,agent,0.003118092159055341
test,active,18,by_voice,patient,0.0007612390338250785
test,active,18,pooled,agent,-0.0022575540362663946
test,active,18,pooled,patient,-0.002021632104549795
test,active,19,by_voice,agent,0.0010507601612019246
test,active,19,by_voice,patient,-0.0015055053638961535
test,active,19,pooled,agent,-0.0064863123983707055
test,active,19,pooled,patient,0.0013873397179370028
test,active,2,by_voice,agent,-0.00019823830082721372
test,active,2,by_voice,patient,0.00011646522665920145
test,active,2,pooled,agent,-0.00010343317715619943
test,active,2,pooled,patient,0.00012817922628149958
test,active,20,by_voice,agent,-0.012059274709449702
test,active,20,by_voice,patient,-0.006596605732755889
test,active,20,pooled,agent,-0.002098317416209099
test,active,20,pooled,patient,-0.0003966745340599001
test,active,21,by_voice,agent,-0.011016233912054113
test,active,21,by_voice,patient,-0.011182200233891298
test,active,21,pooled,agent,-0.0034923823374621993
test,active,21,pooled,patient,-0.0030029224899579994
test,active,22,by_voice,agent,-0.015053557899762898
test,active,22,by_voice,patient,-0.001462086191717199
test,active,22,pooled,agent,-0.003973025196003399
test,active,22,pooled,patient,-0.0018233713114037004
test,active,23,by_voice,agent,-0.0016456415068428765
test,active,23,by_voice,patient,-0.0036573724926642903
test,active,23,pooled,agent,-0.008156061172485393
test,active,23,pooled,patient,0.004125797523642505
test,active,24,by_voice,agent,-0.01330311118431804
test,active,24,by_voice,patient,-0.009476184844970703
test,active,24,pooled,agent,-0.009814496310252094
test,active,24,pooled,patient,-0.0011397892574094987
test,active,25,by_voice,agent,-0.004229185716161266
test,active,25,by_voice,patient,0.0038658537954655015
test,active,25,pooled,agent,0.007805774796683818
test,active,25,pooled,patient,-0.002523845096804103
test,active,26,by_voice,agent,0.00014913307045993918
test,active,26,by_voice,patient,-6.594747867227913e-05
test,active,26,pooled,agent,0.00875251698044116
test,active,26,pooled,patient,0.002197670486738107
test,active,27,by_voice,agent,0.0011331090387308729
test,active,27,by_voice,patient,0.00017378015338249952
test,active,27,pooled,agent,0.0014428102745200067
test,active,27,pooled,patient,0.00205975658488719
test,active,28,by_voice,agent,-0.0012576130201230884
test,active,28,by_voice,patient,-0.0011545734585455825
test,active,28,pooled,agent,0.0011602932552122053
test,active,28,pooled,patient,0.0011655497101117906
test,active,29,by_voice,agent,0.0006282824390339004
test,active,29,by_voice,patient,0.00015918263849229973
test,active,29,pooled,agent,-0.0016853854341326996
test,active,29,pooled,patient,0.0009854199751368003
test,active,3,by_voice,agent,-0.0011565662779897679
test,active,3,by_voice,patient,-0.003669450867850796
test,active,3,pooled,agent,0.00044370597263559963
test,active,3,pooled,patient,9.230397782240135e-05
test,active,30,by_voice,agent,-0.00037480300327520015
test,active,30,by_voice,patient,-0.0003690764589128967
test,active,30,pooled,agent,-0.00038170814514160156
test,active,30,pooled,patient,-0.0008326881336715997
test,active,31,by_voice,agent,0.0
test,active,31,by_voice,patient,0.0
test,active,31,pooled,agent,0.0
test,active,31,pooled,patient,0.0
test,active,4,by_voice,agent,0.0035440876798809584
test,active,4,by_voice,patient,0.0008775423157890011
test,active,4,pooled,agent,0.0012753774534981013
test,active,4,pooled,patient,0.0006168743349471012
test,active,5,by_voice,agent,0.005644903992706896
test,active,5,by_voice,patient,0.0035024229085670044
test,active,5,pooled,agent,0.0008871150466630978
test,active,5,pooled,patient,5.085513276870124e-05
test,active,6,by_voice,agent,-0.0032970208042072957
test,active,6,by_voice,patient,-0.0043878105451476
test,active,6,pooled,agent,-0.0025283300651694
test,active,6,pooled,patient,-0.0015774088085821897
test,active,7,by_voice,agent,-0.007457386772587601
test,active,7,by_voice,patient,-0.004094380252766108
test,active,7,pooled,agent,-0.0004925233013225033
test,active,7,pooled,patient,-0.0015689831859660996
test,active,8,by_voice,agent,0.002831526522366498
test,active,8,by_voice,patient,0.0012473610212217975
test,active,8,pooled,agent,-7.234879259788995e-05
test,active,8,pooled,patient,0.0006885123702714963
test,active,9,by_voice,agent,-0.0041483280793676025
test,active,9,by_voice,patient,-0.0007513739028067005
test,active,9,pooled,agent,-0.002525316094452404
test,active,9,pooled,patient,-0.0014947090508802968
test,passive,0,by_voice,agent,0.0009214428235899685
test,passive,0,by_voice,patient,5.364418029785156e-05
test,passive,0,pooled,agent,0.0003584330936647895
test,passive,0,pooled,patient,2.866421105729433e-05
test,passive,1,by_voice,agent,0.00044369247724418415
test,passive,1,by_voice,patient,0.00017924578684680448
test,passive,1,pooled,agent,0.000826561226035083
test,passive,1,pooled,patient,0.00028486521738879667
test,passive,10,by_voice,agent,-0.005913307081978236
test,passive,10,by_voice,patient,-0.0059052998164914605
test,passive,10,pooled,agent,-0.0049581302786773085
test,passive,10,pooled,patient,-0.0035730173002997967
test,passive,11,by_voice,agent,-0.002041281394238703
test,passive,11,by_voice,patient,-0.00017562002505888685
test,passive,11,pooled,agent,-0.0030298053093676947
test,passive,11,pooled,patient,-0.0014687844042509113
test,passive,12,by_voice,agent,-0.0003686491048560947
test,passive,12,by_voice,patient,-0.0012020165065550203
test,passive,12,pooled,agent,-0.0009049739477769991
test,passive,12,pooled,patient,-0.0015013307895300754
test,passive,13,by_voice,agent,0.005087740016433404
test,passive,13,by_voice,patient,0.007101270387757402
test,passive,13,pooled,agent,-0.0001767266471430773
test,passive,13,pooled,patient,0.0003257517544729138
test,passive,14,by_voice,agent,-0.0036708228992965997
test,passive,14,by_voice,patient,-0.0024889595103713136
test,passive,14,pooled,agent,-0.0011023980266643418
test,passive,14,pooled,patient,-0.0012524892699042889
test,passive,15,by_voice,agent,0.0010151908082781935
test,passive,15,by_voice,patient,-0.0018030517506149035
test,passive,15,pooled,agent,-0.002450097281977759
test,passive,15,pooled,patient,-0.001789209977635764
test,passive,16,by_voice,agent,0.0074201844773202075
test,passive,16,by_voice,patient,0.011453070730533199
test,passive,16,pooled,agent,0.008872023168599807
test,passive,16,pooled,patient,0.006400045358909812
test,passive,17,by_voice,agent,-0.0037706258162012035
test,passive,17,by_voice,patient,-0.0029462238527694085
test,passive,17,pooled,agent,-0.0011489256372990697
test,passive,17,pooled,patient,-0.005875983328189505
test,passive,18,by_voice,agent,0.00026552632169909995
test,passive,18,by_voice,patient,-0.0006991647324472022
test,passive,18,pooled,agent,-0.0003904036755831841
test,passive,18,pooled,patient,0.0015712594086269016
test,passive,19,by_voice,agent,-0.009750361712473704
test,passive,19,by_voice,patient,-0.0031519251049688946
test,passive,19,pooled,agent,3.34955611318577e-05
test,passive,19,pooled,patient,-0.003403848072268012
test,passive,2,by_voice,agent,-0.0001122411691917291
test,passive,2,by_voice,patient,0.0007321924533483237
test,passive,2,pooled,agent,0.00011584443866086147
test,passive,2,pooled,patient,0.00022333523012563194
test,passive,20,by_voice,agent,0.0023523996461113084
test,passive,20,by_voice,patient,0.011750189763195196
test,passive,20,pooled,agent,-0.0038365193133084174
test,passive,20,pooled,patient,-0.009732588282171273
test,passive,21,by_voice,agent,0.0007713155926398207
test,passive,21,by_voice,patient,-0.003784989410976186
test,passive,21,pooled,agent,-0.0010762259645282768
test,passive,21,pooled,patient,-0.005659341812133789
test,passive,22,by_voice,agent,0.0005864197353147027
test,passive,22,by_voice,patient,-0.018933480640627276
test,passive,22,pooled,agent,-0.00662263834251553
test,passive,22,pooled,patient,-0.0030521806680930963
test,passive,23,by_voice,agent,0.009021061771320782
test,passive,23,by_voice,patient,-0.029687742017350083
test,passive,23,pooled,agent,-0.013662648650835107
test,passive,23,pooled,patient,-0.011653535770920098
test,passive,24,by_voice,agent,0.0058650385658695625
test,passive,24,by_voice,patient,0.01445611018054882
test,passive,24,pooled,agent,-0.011405638928683293
test,passive,24,pooled,patient,-0.01159249611620633
test,passive,25,by_voice,agent,0.025843291912438726
test,passive,25,by_voice,patient,0.003187031116125616
test,passive,25,pooled,agent,-0.0034186030333897
test,passive,25,pooled,patient,0.0030047758570257016
test,passive,26,by_voice,agent,0.002399727983294797
test,passive,26,by_voice,patient,0.004449187584642966
test,passive,26,pooled,agent,0.0013742132006950847
test,passive,26,pooled,patient,-0.009927907080020504
test,passive,27,by_voice,agent,-0.016831366521007585
test,passive,27,by_voice,patient,-0.01566623291879332
test,passive,27,pooled,agent,0.00013773846176440285
test,passive,27,pooled,patient,-0.0010995549975700847
test,passive,28,by_voice,agent,0.003581128030453129
test,passive,28,by_voice,patient,-0.0013308480100810982
test,passive,28,pooled,agent,-0.002478869456165267
test,passive,28,pooled,patient,0.002757805698322846
test,passive,29,by_voice,agent,0.00018156249568146432
test,passive,29,by_voice,patient,-0.0017879054231463298
test,passive,29,pooled,agent,8.957341032200805e-05
test,passive,29,pooled,patient,-0.0041551814889008165
test,passive,3,by_voice,agent,0.002875804901123047
test,passive,3,by_voice,patient,0.0030394140279518256
test,passive,3,pooled,agent,0.0011624570162791503
test,passive,3,pooled,patient,-0.00021302025273162162
test,passive,30,by_voice,agent,-0.0011694656228119493
test,passive,30,by_voice,patient,0.0015157078796962375
test,passive,30,pooled,agent,-0.0006643871091447373
test,passive,30,pooled,patient,0.0002951622009277344
test,passive,31,by_voice,agent,0.0
test,passive,31,by_voice,patient,0.0
test,passive,31,pooled,agent,0.0
test,passive,31,pooled,patient,0.0
test,passive,4,by_voice,agent,-0.001249799188577927
test,passive,4,by_voice,patient,-0.0017135728080318047
test,passive,4,pooled,agent,0.00048358935230186084
test,passive,4,pooled,patient,0.00022858043886586632
test,passive,5,by_voice,agent,-0.0017498484197652764
test,passive,5,by_voice,patient,-0.0032141253633319877
test,passive,5,pooled,agent,0.0008724995379177924
test,passive,5,pooled,patient,0.000615511300428917
test,passive,6,by_voice,agent,-0.00040773625643752975
test,passive,6,by_voice,patient,-0.0007825977397415418
test,passive,6,pooled,agent,-0.001613927337358656
test,passive,6,pooled,patient,-0.0032824210400850262
test,passive,7,by_voice,agent,-0.00064827811043211
test,passive,7,by_voice,patient,0.006433217030651139
test,passive,7,pooled,agent,-0.0016418493018960367
test,passive,7,pooled,patient,-0.0008563365576402804
test,passive,8,by_voice,agent,-0.0006394386291503906
test,passive,8,by_voice,patient,-0.002020152109973805
test,passive,8,pooled,agent,0.0003912044021318062
test,passive,8,pooled,patient,-0.0001203788901275038
test,passive,9,by_voice,agent,-0.005459933910729797
test,passive,9,by_voice,patient,-0.0009038853195478258
test,passive,9,pooled,agent,-0.001932926897732723
test,passive,9,pooled,patient,-0.002853834404135669
